resource_state,athlete,name,distance,moving_time,elapsed_time,total_elevation_gain,type,sport_type,workout_type,device_name,id,start_date,start_date_local,timezone,utc_offset,location_city,location_state,location_country,achievement_count,kudos_count,comment_count,athlete_count,photo_count,map,trainer,commute,manual,private,visibility,flagged,gear_id,start_latlng,end_latlng,average_speed,max_speed,has_heartrate,average_heartrate,max_heartrate,heartrate_opt_out,display_hide_heartrate_option,elev_high,elev_low,upload_id,upload_id_str,external_id,from_accepted_tag,pr_count,total_photo_count,has_kudoed,average_watts,max_watts,weighted_average_watts,device_watts,kilojoules
2,"{'id': 62637210, 'resource_state': 1}",burn off the nuggets,0.0,1820,1820,0.0,Ride,Ride,10.0,Apple Watch Series 8,16850448604,2025-12-27T03:41:20Z,2025-12-26T22:41:20Z,(GMT-05:00) America/Atikokan,-18000.0,,,,0,0,0,1,0,"{'id': 'a16850448604', 'summary_polyline': '', 'resource_state': 2}",True,False,False,False,everyone,False,,[],[],0.0,0.0,True,144.3,178.0,False,True,0.0,0.0,17942267118,17942267118,5C248004-7F46-436E-9939-4D452164851D.fit,False,0,1,False,,,,,
2,"{'id': 62637210, 'resource_state': 1}",Night Ride,0.0,1047,1047,0.0,Ride,Ride,,Apple Watch Series 8,14948137693,2025-06-29T03:39:46Z,2025-06-28T23:39:46Z,(GMT-04:00) America/Anguilla,-14400.0,,,,0,1,0,1,0,"{'id': 'a14948137693', 'summary_polyline': '', 'resource_state': 2}",True,False,False,False,everyone,False,,[],[],0.0,0.0,True,137.1,172.0,False,True,0.0,0.0,15955716933,15955716933,CFA9951A-16C2-4143-AA52-55C2BD413E61.fit,False,0,0,False,,,,,
2,"{'id': 62637210, 'resource_state': 1}",Afternoon Ride,0.0,2777,2777,0.0,Ride,Ride,,Apple Watch Series 8,13709932366,2025-02-23T22:06:13Z,2025-02-23T17:06:13Z,(GMT-05:00) America/Atikokan,-18000.0,,,,0,0,0,1,0,"{'id': 'a13709932366', 'summary_polyline': '', 'resource_state': 2}",True,False,False,False,everyone,False,,[],[],0.0,0.0,True,150.5,189.0,False,True,0.0,0.0,14630839549,14630839549,9E0E462E-67A4-4983-BFD7-30C46BC7F9CE.fit,False,0,0,False,,,,,
2,"{'id': 62637210, 'resource_state': 1}",Night Ride,0.0,2799,2799,0.0,Ride,Ride,,Apple Watch Series 8,13652074435,2025-02-17T04:44:24Z,2025-02-16T23:44:24Z,(GMT-05:00) America/Atikokan,-18000.0,,,,0,1,0,1,0,"{'id': 'a13652074435', 'summary_polyline': '', 'resource_state': 2}",True,False,False,False,everyone,False,,[],[],0.0,0.0,True,145.6,186.0,False,True,0.0,0.0,14567737820,14567737820,85CF7298-EAB8-410D-AF8A-9294C674D948.fit,False,0,0,False,,,,,
2,"{'id': 62637210, 'resource_state': 1}",Afternoon Ride,0.0,3027,3027,0.0,Ride,Ride,,Apple Watch Series 8,13522944442,2025-02-02T19:01:37Z,2025-02-02T14:01:37Z,(GMT-05:00) America/Atikokan,-18000.0,,,,0,1,0,1,0,"{'id': 'a13522944442', 'summary_polyline': '', 'resource_state': 2}",True,False,False,False,everyone,False,,[],[],0.0,0.0,True,157.6,188.0,False,True,0.0,0.0,14426210374,14426210374,A6AC8314-7933-4BA5-BE22-036D711E0F40.fit,False,0,0,False,,,,,
2,"{'id': 62637210, 'resource_state': 1}",Night Ride,0.0,1893,1893,0.0,Ride,Ride,,Apple Watch Series 8,13287179684,2025-01-07T05:44:35Z,2025-01-07T00:44:35Z,(GMT-05:00) America/Atikokan,-18000.0,,,,0,2,0,1,0,"{'id': 'a13287179684', 'summary_polyline': '', 'resource_state': 2}",True,False,False,False,everyone,False,,[],[],0.0,0.0,True,150.1,186.0,False,True,0.0,0.0,14171270968,14171270968,903498D2-ACCE-456F-915F-4EF3156A4783.fit,False,0,0,False,,,,,
2,"{'id': 62637210, 'resource_state': 1}",Night Ride,0.0,4616,4616,0.0,Ride,Ride,,Apple Watch Series 8,13269288249,2025-01-05T02:29:38Z,2025-01-04T21:29:38Z,(GMT-05:00) America/Atikokan,-18000.0,,,,0,1,0,1,0,"{'id': 'a13269288249', 'summary_polyline': '', 'resource_state': 2}",True,False,False,False,everyone,False,,[],[],0.0,0.0,True,148.8,165.0,False,True,0.0,0.0,14151990107,14151990107,08E3286D-0985-48AD-9C85-5E8D13924199.fit,False,0,0,False,,,,,
2,"{'id': 62637210, 'resource_state': 1}",Night Ride,0.0,3663,3663,0.0,Ride,Ride,,Apple Watch Series 8,13260511043,2025-01-04T04:36:41Z,2025-01-03T23:36:41Z,(GMT-05:00) America/Atikokan,-18000.0,,,,0,1,0,1,0,"{'id': 'a13260511043', 'summary_polyline': '', 'resource_state': 2}",True,False,False,False,everyone,False,,[],[],0.0,0.0,True,138.3,183.0,False,True,0.0,0.0,14142523293,14142523293,53661926-A7CE-4F6E-9190-5644C662993F.fit,False,0,0,False,,,,,
2,"{'id': 62637210, 'resource_state': 1}",My bike seat broke,0.0,1406,1406,0.0,Ride,Ride,10.0,Apple Watch Series 8,13218494859,2024-12-29T18:14:37Z,2024-12-29T13:14:37Z,(GMT-05:00) America/Atikokan,-18000.0,,,,0,0,0,1,0,"{'id': 'a13218494859', 'summary_polyline': '', 'resource_state': 2}",True,False,False,False,everyone,False,,[],[],0.0,0.0,True,165.8,195.0,False,True,0.0,0.0,14097095278,14097095278,DB02FF5F-5C40-4252-832B-52AE534E6A8D.fit,False,0,1,False,,,,,
2,"{'id': 62637210, 'resource_state': 1}",Lunch Ride,0.0,2039,2039,0.0,Ride,Ride,,Apple Watch Series 8,13210274047,2024-12-28T17:20:08Z,2024-12-28T12:20:08Z,(GMT-05:00) America/Atikokan,-18000.0,,,,0,1,0,1,0,"{'id': 'a13210274047', 'summary_polyline': '', 'resource_state': 2}",True,False,False,False,everyone,False,,[],[],0.0,0.0,True,162.1,198.0,False,True,0.0,0.0,14088206106,14088206106,2140F875-32A2-4A24-BE7A-1B4406FDC552.fit,False,0,0,False,,,,,
2,"{'id': 62637210, 'resource_state': 1}",Night Ride,2274.0,866,1203,2.7,Ride,Ride,0.0,Strava App,12234743043,2024-08-25T02:47:22Z,2024-08-24T22:47:22Z,(GMT-05:00) America/Toronto,-14400.0,,,,0,0,0,1,0,"{'id': 'a12234743043', 'summary_polyline': '', 'resource_state': 2}",False,False,False,False,everyone,False,,[],[],2.626,8.292,False,,,False,False,199.6,187.6,13042945197,13042945197,stripped_8E8AECB8-5E74-4CD1-8235-F0B69F13167B-activity.fit,False,0,0,False,,,,,
2,"{'id': 62637210, 'resource_state': 1}",Night Ride,4628.6,1412,7061,18.1,Ride,Ride,0.0,Strava App,12234686069,2024-08-25T00:49:31Z,2024-08-24T20:49:31Z,(GMT-05:00) America/Toronto,-14400.0,,,,0,0,0,1,0,"{'id': 'a12234686069', 'summary_polyline': '', 'resource_state': 2}",False,False,False,False,everyone,False,,[],[],3.278,13.508,False,,,False,False,199.1,180.9,13042884182,13042884182,stripped_620B70B4-4E2B-4221-9526-FFCD6143CD39-activity.fit,False,0,0,False,,,,,
2,"{'id': 62637210, 'resource_state': 1}",Night Ride,22155.3,7682,10350,83.2,Ride,Ride,0.0,Strava App,12141962877,2024-08-13T23:23:20Z,2024-08-13T19:23:20Z,(GMT-05:00) America/Toronto,-14400.0,,,,0,0,0,1,0,"{'id': 'a12141962877', 'summary_polyline': '', 'resource_state': 2}",False,False,False,False,everyone,False,,[],[],2.884,9.69,False,,,False,False,179.6,155.2,12941468720,12941468720,stripped_12D99B63-C039-4651-AC7E-EA867D9D5E69-activity.fit,False,0,0,False,,,,,
2,"{'id': 62637210, 'resource_state': 1}",Afternoon Ride,14971.1,5158,10894,35.7,Ride,Ride,0.0,Strava App,11981049935,2024-07-25T18:05:28Z,2024-07-25T14:05:28Z,(GMT-05:00) America/Toronto,-14400.0,,,,0,1,0,1,0,"{'id': 'a11981049935', 'summary_polyline': '', 'resource_state': 2}",False,False,False,False,everyone,False,,[],[],2.903,9.716,False,,,False,False,199.1,167.6,12773341787,12773341787,stripped_718C29BD-2A5B-4FDA-8118-CCC214FFDC29-activity.fit,False,0,0,False,,,,,
2,"{'id': 62637210, 'resource_state': 1}",Lunch Ride,4375.7,1342,1433,19.7,Ride,Ride,0.0,Strava App,11978511585,2024-07-25T15:10:36Z,2024-07-25T11:10:36Z,(GMT-05:00) America/Toronto,-14400.0,,,,0,0,0,1,0,"{'id': 'a11978511585', 'summary_polyline': '', 'resource_state': 2}",False,False,False,False,everyone,False,,[],[],3.261,5.418,False,,,False,False,199.0,179.1,12770715026,12770715026,stripped_029DE6A2-81AE-4FF8-A6EF-D3D6B5F3D77F-activity.fit,False,0,0,False,,,,,
2,"{'id': 62637210, 'resource_state': 1}",Night Ride,10398.7,3560,4673,47.1,Ride,Ride,0.0,Strava App,11965458746,2024-07-24T00:28:39Z,2024-07-23T20:28:39Z,(GMT-05:00) America/Toronto,-14400.0,,,,1,1,0,1,0,"{'id': 'a11965458746', 'summary_polyline': 'qfdjGduwbNJh@E^O\\KJWJg@FgAf@a@?SVo@R{Cv@_@PuCz@yCn@kAd@cD|@WLkCh@m@FSHD?EIQTc@@KPSHBf@CD?`@BTPj@RLLCHIDOEk@KQ[@kE|Ao@^[D}D`AYb@g@X]FIAOSQAEFk@J_A^uA\\OLqBl@eALk@NCFy@Pa@RkBf@KLm@TqA\\KH}A^uChAeBbASRo@XSZIWAe@EEIBMNsAt@o@d@sAh@ADO@}B|@c@HgBn@WA_@D_@J]RgAPyAl@cALYPm@Pq@ZaAVs@^y@XED}@TsCdAg@HaAZ[NuCz@y@\\i@d@[JQ@wAd@_Bv@a@Na@Ja@@AJLr@mA^EEp@I`@bDGjA@DCxAD|@?tBIf@HtERhAN@NP?PCBBJDC?IC?CQ@AAF@[CE[BEj@?j@HjApA|In@fFCh@BRLt@Bd@DL?JLr@PbB?b@JVDTCRO@@@TCDR?JBDD`@JRCV?TFDBP?f@JjA?JDJPfCXrBG\\BABFFAUy@AOEG[}BIQ?u@GUAeAKw@?YCO?a@Eq@K]Iu@AIEAUNs@R{@\\aAj@g@FSTe@TK?k@Ro@J_Bj@eARM?B^ALa@VK?_A`@}@Ve@Xw@VkA^g@DGHSFc@Zo@PeA`@oA^a@AIRUDe@RL`@M]IGU@SH[Va@HUPEAe@RUPa@PQZWLy@r@Wj@e@^_@f@eAv@WZiAt@i@N@AGCOq@w@b@Q@a@RgAXSNw@Pw@\\y@Ri@b@iAXML[NoBd@sBt@g@Vc@FyBz@iBj@W?SP}Ap@SBa@b@SHk@JaBd@QKSHKL]LEA@EIg@Bh@FLHf@ELUJ@EZEXOT@?F@G@@EBEEQiADILAo@^ICOk@SiBG{@Aa@Fy@Hk@ZmAXu@?MNWBOHI@KPm@NcAAIBs@?m@KyAQ}@e@{D?UKy@?[WgC@MIWo@sEg@yAYm@Ss@MYSs@YqBKEMHM?d@GGoAf@O\\CLKjBs@XAdBm@`@GLSn@S\\GROXE|@a@LAFD@IHEvAa@PQl@CBG\\Kb@APMRENSTMV?HFLXb@SFBA?FCE?`@GPKF?vAc@LI`AULGJMX?d@Oj@[t@S^Uz@YFITCrAe@JMrAc@rA]', 'resource_state': 2}",False,False,False,False,everyone,False,,"[43.77222552895546, -79.2572842631489]","[43.807263895869255, -79.27063311450183]",2.921,7.43,False,,,False,False,192.2,165.8,12757175739,12757175739,stripped_D60D55FD-EBC2-43EF-BCDA-907B77B39C1D-activity.fit,False,0,0,False,,,,,
2,"{'id': 62637210, 'resource_state': 1}",Afternoon Ride,5227.6,1603,2051,30.3,Ride,Ride,0.0,Strava App,11965106975,2024-07-23T18:16:58Z,2024-07-23T14:16:58Z,(GMT-05:00) America/Toronto,-14400.0,,,,0,1,0,1,0,"{'id': 'a11965106975', 'summary_polyline': 'o|ijGncxbNHGd@OFBDCHBIBB?HSZIR?BCR@DANSLIT?FEHKDAHFHCHMPMBIT@HGJ?TOH?NIv@Q\\QTCRKJBLKVEd@_@JAHGDAFBPABGP@DGVCRIH?BEH@PKF?DGXGDGNCR?^SD?HDD?DCD?XSH?TWLCDIJENAHEXG\\C^UN?LGL@PKt@QTQPGn@ELIJ?n@c@TEFFLD@ELBjAEDM[W`@?FGRA@MNAJCDG`@BLC\\SVAPURIDBNEHIDG?B@AJL@AAIL`@ARBHZQV?DC?INAHCN?HIL@HKR@F?HGD@FARKHK\\OPF@GPCFGD?HDJAJBRED@LIJE\\[DGLKHAJKNG@@BGF@HIH@DCDBLIDDFP?XFT?NHLBPCJJf@ANX~ABd@Ff@HX@\\FDAZDPB^DIDD@RDNAJBVN^DV@HGPDn@Jt@D@HNETHDDHBn@N\\GVFV@RHd@FVA\\FRAVBBBh@BHHFAVGR@NLZHDJ\\?LFNHHBLCH@PP^CHB^?REV^n@J^GT?FHV@l@DNAF@F?HGJPVFV?NETLJ?LHF@BVAD@JETEDEJD@AJDHABGBCJWJK`@ADC@CHCFINGHKDBFEPEFGBKHCHOFBJJF?TKBC?GHBd@M?GJHD@PMHMCBN?DIFAXANBHAROXETODAHMJCBFPFPKNENMLEDCLEFBFADEB@NOL?LHH@DELEDBJ?JIFMDCPBHEHMNADDFQL?JEDGD?LKVa@HAFBDCP@n@Kl@O\\]HA@CHFDKHBEKB?CB@D`@EFIh@GJGT?BDD@LMFJTSN?LIP?BETEF?NOHBFGLEZMHMZIZOt@I^OXOLBJCV@JP?f@E?KICGGGGY?OKGAIMMZi@F?DCX]DNBOVIDDPCPMFH?F@DNI?CVBLOLCDMDCDK^SFADEJ?BILIREPMHCTAHC@GN?F@BGPEJAL@J?v@e@LADCNAb@QV?NGD?A@@?@At@UNGLEL?@GLAZSLENATIDIJAFMJGZ@LDLMRD^WTARDJ?VQNELYI[BSEWAWKk@GF@WBQTc@LIRH', 'resource_state': 2}",False,False,False,False,everyone,False,,"[43.802062422037125, -79.26425272598863]","[43.772552171722054, -79.2574433516711]",3.261,8.976,False,,,False,False,179.8,164.0,12756814173,12756814173,stripped_84B35F7A-6749-49DF-AF08-E5CE3F12D5DC-activity.fit,False,0,0,False,,,,,
2,"{'id': 62637210, 'resource_state': 1}",Night Ride,12544.7,4371,7349,77.7,Ride,Ride,0.0,Strava App,11940093349,2024-07-21T00:48:48Z,2024-07-20T20:48:48Z,(GMT-05:00) America/Toronto,-14400.0,,,,0,1,0,1,0,"{'id': 'a11940093349', 'summary_polyline': 'kldjGb{wbNQG[\\k@Fy@j@a@Bw@^}IfBmC~@OMCXuCl@y@p@HIcAHIJk@EMh@MNDGMf@Ax@Tr@b@E?w@EUOC_Bn@oDz@y@f@cCZyBx@{BXg@d@e@T]@UH?H?MOKFCCHHDEBSC?JUAYXcATW]@SJOLFDSBPc@@[OW}Cc@cCMiBUo@IoAIY[_@a@yAa@u@gAe@BFg@@mB`AYG[XUI[Na@e@qAa@AQq@UKk@@a@a@[OYHa@Ws@DkAM[C_BKENYE]Ng@LgA?Q\\g@FiAAi@KYC}AIe@GOk@?Q\\OFAXUJY`A_@ZkA\\aB~@oALGXBQQGs@\\b@rAx@nGTh@Ct@HxAXr@In@LZJ~@Cb@N@@^IJFf@HBD`AP^?d@JNHXHbA^PUd@LDCHZf@P`DNp@@t@MBVr@Kx@Vb@Dh@Rf@EdAJb@PAp@e@BMIUF`@@z@T`BN@GJQkAw@b@PRZnC?b@\\lAFfARz@?x@`@`C@x@p@rDHpBPd@\\HW?@Rb@dCP|BVx@J`AI`@OPiAOkEtAg@M_@NAI@JDKWc@@S@FKFXGKHPn@KMF^f@|@?^Pl@NjCA^b@fDj@HRRp@Az@UHSp@Kf@Dd@g@h@Ih@LNpAL@C`@p@hE?HEK?VTpAFz@RfAIXDhA\\p@Bn@j@~CEGK\\V~BTx@Ad@JF@TR^J`CRl@DhAXpAJzAVx@NhCh@^lAMCFFFc@Of@VMBLBIW?L]PZlA_A^KTDDBc@M]WmAHo@EBK_@MiAUg@Mw@?s@Ew@a@yADWQQGu@WcADGa@uAKeAQ_@m@HmA`AsARs@h@GIxAq@d@k@xAi@Z?PDNVZzCJJTC[iCCcAOg@q@{CKyA]uA]oEa@_Cw@eJwEbBcAXw@B[}@sAgJk@sBeCb@UEW_@_@eA]g@k@aFsAqI{@}G?e@k@yBScA?y@^_@i@EKu@k@CoAf@_@@_Af@eB`@cBt@yAXsB|@mM`E_Bx@]b@cD|@oClAYAm@RIq@Jb@CX{OdF[W{@wFGuFQwAU{@{BkEaBqAcHeBwEeDAM~AyERgBGwAa@oCo@Zk@Bg@XiDz@oAp@aCl@WKIgAXGy@\\u@@HAHYFPGVXL@t@KHHC', 'resource_state': 2}",False,False,False,False,everyone,False,,"[43.77168866805732, -79.25917798653245]","[43.80816143006086, -79.26786113530397]",2.87,9.394,False,,,False,False,182.0,163.3,12730864202,12730864202,stripped_927AF20E-B071-401E-AAF5-CF28C9ABBEDA-activity.fit,False,0,0,False,,,,,
2,"{'id': 62637210, 'resource_state': 1}",Ride the Meadoway,27041.8,8135,13491,139.4,Ride,Ride,10.0,Strava App,11936944071,2024-07-20T12:33:18Z,2024-07-20T08:33:18Z,(GMT-05:00) America/Toronto,-14400.0,,,,3,1,0,1,0,"{'id': 'a11936944071', 'summary_polyline': 'qtijGflybNvG~BFf@i@~EV~F`A?pHgChScIj@BMHnDuAQXzA[x@i@~K_DzBmAJNhAc@nCaCT~@PFjEeDnJkDnHyArZqJtBOLRS~@{@y@[qBb@ZvCoBhEgAxH{AhWyHzG{@VfDp@hCxAfLpASV_@pCcAx@gAxCoB`CYnE|DrAvBn@xBt@P`@ItAcBf@{FtBwBfBmKd@c@`BeDr@iDpAqDpGsCfBSAw@bAa@rP{ErI{@zCoANPFrA~BrEVbHfA\\lCk@`Bn@hCVz@j@`Fn@dAf@bAtHd@t@xBT|Be@|@~JIn@^hADrBRb@nBGjMoEpAElCjQPf@b@LCt@Gu@@p@Au@f@fE@f@qApAt@bGQh@C|Dy@jCp@jEZrCj@|@vBtHKt@{@tAjB`GxCvHr@xCvBlFj@pC`AfALlA~@bBc@hFP`FdAtBnARl@aCr@SzArEHjBm@hCXdDd@`C|@nC`D|Gl@|BhGvNp@b@xBT`BlDZnBhEbBjAfBfEpLu@rA`AnAqAyAr@X\\]UoBkF}MgF{B_@{BaBcDkB?c@[{GmOKaAc@gAwE}JGaBe@cA]qDp@_CEyAuAaFSQi@T]jBWZmAOm@_A_@mAIoBh@aHGm@{@sA[kBm@a@qAiF{@aBI_A_E}Ko@iCqAwCa@iBgA{A_BfARh@K\\LEHMtCr@`BaBiEuN_AiG`@S^wA?{DXW]uAYqEbA}@To@w@aFFL?n@KaAYWgCqRYKoRxFY]DsA_AsK_@{BsEZ{AiEm@wDuC{AuLiCkEfAg@cBDuBu@_EqAiCy@@c@mAsC_@uA_Cu@pFkJsA_CpALCIRAeAKv@\\FGOKREW?VN?O@^U]LC_AOSAgAi@{CIyE{BaB`@}Cg@_HmBwDBw@x@aBR_BkC}BgAa@mFcLiAm@gEmGuBeEi@uC_BgAyFeKuAgIsAkAsG_K]{B{@}@s@iBqMoSiCWiAgF_@y@cA[oD{Eo@mCcBg@kDoEKcBwAsC}@u@q@gCm@u@{@I{@wAG_CoA}@wBm@kEj@sAf@?hAfA`GJjFr@pDPbEn@zAB`Cz@hCnCvPJ|DlAzFPlDjB|Nf@bH^bA^tFhBfHd@dDEtAf@bADxAPb@DfCp@bBLvB~CtRRzBKp@j@`B`@~C]\\t@bFLdDUp@o@RK`@MlEV|Cn@lBGv@|@dEOUc@Pr@CQg@OJ', 'resource_state': 2}",False,False,False,False,everyone,False,,"[43.80486248061061, -79.27021787501872]","[43.77223466522992, -79.25731955096126]",3.324,19.114,False,,,False,False,179.8,147.2,12727580455,12727580455,stripped_63684439-835C-46E3-8503-5BF0C255A6BE-activity.fit,False,1,0,False,,,,,
2,"{'id': 62637210, 'resource_state': 1}",Night Ride,4754.7,1281,1329,2.7,Ride,Ride,0.0,Strava App,11924329907,2024-07-19T03:26:19Z,2024-07-18T23:26:19Z,(GMT-05:00) America/Toronto,-14400.0,,,,0,1,0,1,0,"{'id': 'a11924329907', 'summary_polyline': '{lnjGrj_cNGEAGECYUs@Se@DKJE@QMCGAKIOESASGKC[K_@Cg@MYIy@Wy@CYMg@?c@Oa@CaBCICUEcA]cA?]OkAAYK[Gg@GOE]Cg@CEQs@@QCUKM@GUm@C_@Ss@KqAK[CQIOCc@IMDWT_@Ni@BGLm@Zw@FG~Ay@r@c@bAa@ZQz@Y^SLCB]NMRGb@GPIDBGLD@PIDEAQDCh@Cd@QZ_AHAh@Q~CiAdAm@`@S\\I\\SREBGNGFqAF[Tg@d@cAJK@KXu@`AyAHWF[Xq@F_@NO`@s@bAaCDC\\m@BOXi@`@kAh@}@Je@Vg@TUfAa@POj@Yn@O^QJKTIBBRIt@MjB_ANEN?JED@FARKPQLGd@I\\OLMBBDQEi@JQx@Uv@]tCcAXKBED@DAPMZMtA]XMHIPEJECDPCXKVEROF@FCVC@GbC{@JIJCdAc@@MQ}@EKCwAQ}@a@cA[_@GEYa@QOWg@_@[?KG?COIEIQEACM@KIYECAGA[KMQm@C]F[CUQg@@c@CUDSAYDQ?qBXyAH]Tm@j@mAFHB_@FMHjAFY?IXqBr@uA?Hl@cBzAwCH?BFD@VRt@^F@N?NFZDX?LBVAf@GRKj@Gx@[F?REbBo@^KPIv@CLEF?HGl@M^Q', 'resource_state': 2}",False,False,False,False,everyone,False,,"[43.82401487790048, -79.3016151431948]","[43.8049060665071, -79.27002349868417]",3.712,13.7,False,,,False,False,199.0,179.1,12714454388,12714454388,stripped_F4E8BCB9-C236-4117-97D2-65A4060FB0AF-activity.fit,False,0,0,False,,,,,
2,"{'id': 62637210, 'resource_state': 1}",Night Ride,12203.9,3851,4253,76.5,Ride,Ride,0.0,Strava App,11923986755,2024-07-19T00:38:55Z,2024-07-18T20:38:55Z,(GMT-05:00) America/Toronto,-14400.0,,,,1,0,0,1,0,"{'id': 'a11923986755', 'summary_polyline': '', 'resource_state': 2}",False,False,False,False,everyone,False,,[],[],3.169,10.886,False,,,False,False,199.1,148.8,12714093773,12714093773,stripped_454EFC5D-4178-4103-949D-D1BAB12BB49C-activity.fit,False,0,0,False,,,,,
2,"{'id': 62637210, 'resource_state': 1}",Afternoon Ride,7561.4,2140,2443,27.0,Ride,Ride,0.0,Strava App,11922311824,2024-07-18T19:33:37Z,2024-07-18T15:33:37Z,(GMT-05:00) America/Toronto,-14400.0,,,,0,0,0,1,0,"{'id': 'a11922311824', 'summary_polyline': '_cijGx|ybNFE`@MDAL@`@ORWBClCgAh@M|Aq@bA]HBl@UZGl@S~@]t@UtAo@|@Mt@YnAm@d@Gd@MpAm@l@I\\Q\\IZCVHlCcAdASN[D@NCX@NEPOZMb@WB?|@c@p@y@NKX[HFFj@DZB@`Aq@LMPIPM`A_@ZQHGp@[j@[TIF@h@YA@DAdA_@b@Kz@a@bAYXMFB`@GhBi@b@GTI~A]x@[LAx@Yr@]lAWDEx@Y`@Ef@Sj@Kz@]~@Qr@SFEpCw@lAg@r@QZLFF@LB\\AFYVQ?GGMc@OWOs@Bc@HBNALIXIN@JOTKx@k@b@Sx@Yp@Qf@@`@IHGZIBE~Ac@PCh@Wj@OB@NC?GRRnAg@d@KjCu@VCNGpA]`@SFAFBPGF?LM\\IDGPKB?NQJGJ?PFJALEb@?d@OZUNCNMZIDDZG~Cw@LFNMFABBNKVDZIDBl@pFhB~ML`@NLZ@d@QBMNIb@g@RMTU~@e@|@w@`@i@h@a@pA{@dAU?BJC\\AZDTJnCpClA|AFDZf@PfARp@R\\JHF@L@JCx@g@POVWZi@FY@q@CO?gAHcAJg@FQVe@POVMb@[Ze@V_Ab@aDDOAIPuALa@PMEQ@G\\]Xo@b@i@Xq@BWEHCVBHVGJKF[RaBPu@p@uA?IFSLWBWDKLKh@KhA_@XEp@OXQn@SPCb@QN@`@OMo@gA^ICMq@KoA]eAU[kAaA_AmAy@EEEa@?KEUCWBEDLGT?l@DHBHA`@@TF\\@VDtADBEBO@a@Fe@PWNE', 'resource_state': 2}",False,False,False,False,everyone,False,,"[43.804811937734485, -79.27020697854459]","[43.75864072702825, -79.25245737656951]",3.533,11.598,False,,,False,False,179.8,149.2,12712367643,12712367643,stripped_BB075A0F-2C04-4D7D-9589-AD4C0D4EEC14-activity.fit,False,0,0,False,,,,,
2,"{'id': 62637210, 'resource_state': 1}",Evening Ride,4641.2,1349,1434,30.1,Ride,Ride,0.0,Strava App,11866033373,2024-07-11T22:18:37Z,2024-07-11T18:18:37Z,(GMT-05:00) America/Toronto,-14400.0,,,,3,0,0,1,0,"{'id': 'a11866033373', 'summary_polyline': 'cfdjGztwbNK\\I`@Qh@MTSLg@FSJ[TEHGA}Aj@yAZqCx@eA`@SBQ@c@H_ATo@TEAKFq@Ri@Ja@PCAUHKHYJ]TEAKB]REAGFS@c@TCAOHIAG@Y^K\\Bj@GLE@EFSJGZGNBYMc@QOSD{At@{@Zi@LcBp@WDmAXKFgAXeEz@MJI@m@VmA\\IF}@Vg@LCASUMc@GEIJID_@HE?_@Nc@HKJQ@u@XSDKHYHYBIBQPUJUD_@RQDIDM@QJWFQJUFYLMHIHa@LOHON[Je@T_AP}@?WVe@ZMNIBGFE?m@`@YNa@j@OFWDQLo@JYVMDCNK?CFI@GESCe@T[@eAl@UDQGU@IFI@[Rq@R[BSDWR_AZ]FEASBaA\\_@XQHo@RmAVIFk@TQ@o@XE?GDQBm@XYD]LEBgAXYLO@qAl@yAh@WFCAKFE?k@Xa@`@c@JK?u@V', 'resource_state': 2}",False,False,False,False,everyone,False,,"[43.772270288318396, -79.25723673775792]","[43.8048492372036, -79.27004680037498]",3.44,10.206,False,,,False,False,179.8,165.8,12654050690,12654050690,stripped_AE30CE78-1622-43AE-A95E-94C83B4FE8F3-activity.fit,False,0,0,False,,,,,
2,"{'id': 62637210, 'resource_state': 1}",Lunch Ride,4852.5,1326,1470,16.3,Ride,Ride,0.0,Strava App,11863360726,2024-07-11T15:41:41Z,2024-07-11T11:41:41Z,(GMT-05:00) America/Toronto,-14400.0,,,,0,0,0,1,0,"{'id': 'a11863360726', 'summary_polyline': '_cijGb}ybNDDBELCRIn@OX[ZSt@UlAm@rAa@LKPIF?DGjA[v@_@HIEANC~@]~A]`@MUG`@Gf@OJ@ZOREFEHAn@WHAn@Wd@Eh@MNK`A_@RAz@]ZGZ@LDFARQF?LGNANI`@GHIJAj@Sn@Q\\Qh@OF?JBHKRIFG\\Mn@]DAlBaB@BBt@BJDAHJPUXSNSVIJKLGB?JKRIBEBADKNEF@BETCPSFABGLCPOF?`@SL?FIFCT?VGLID?b@S^KBGD@PKNCFGL?HEDBPKHBHID@l@e@NABELA@CL@DCDFDIRE@CNBDGLIN@RCLKb@Ox@KDCv@KF@HILELM`@SVMl@KNMHAFK\\AJEF?JILCBIN@XMJ@`@MDDDALKLE`@AFKTIHBTUTCVOJ?TKXAJI^ORCn@UJAfA]`@QRARL?PJN?JAJIDE@IAEIGUKSQy@?]PIRCL@FGd@KPKH@LID?LUFGVSXMLCL?LEB@NCXGZABCt@O|@]XA^QfAYJG^IB@DGLCB@NDd@Md@Qf@KRKp@ONIf@Kb@WXANIJAVKZHTADI@MEc@GSEy@Go@EGB]BId@Ql@@DAJG', 'resource_state': 2}",False,False,False,False,everyone,False,,"[43.80488938651979, -79.27016490139067]","[43.772379755973816, -79.25734184682369]",3.66,8.936,False,,,False,False,179.8,165.8,12651294182,12651294182,stripped_42168BE8-6D42-4BFA-B621-58295F219040-activity.fit,False,0,0,False,,,,,
2,"{'id': 62637210, 'resource_state': 1}",Evening Ride,4609.8,1323,1339,30.3,Ride,Ride,0.0,Strava App,11825548742,2024-07-06T23:19:39Z,2024-07-06T19:19:39Z,(GMT-05:00) America/Toronto,-14400.0,,,,3,1,0,1,0,"{'id': 'a11825548742', 'summary_polyline': 'yfdjGvuwbNAb@Of@OVe@XEKSHAAIAGDEA]DIDK?KDEH_A`@IHO?[L_@HoFnBo@NKDIAQDKDIFK@EB]NK@EDSHSBMJOD[?SBQFq@J_Cr@{Bf@MHk@JU@KDE?MJAF@p@DHBf@Pb@DDNBFEN]?KGQEEIA_@FOH{Bn@a@J[Ji@Hk@Nu@^o@RM@m@Tc@H{Ad@q@LGDK?OFS@gA`@{@Rk@T}@P_@Lc@FULo@P]Fi@Tc@JEDm@NI?KBS@SFSJCDk@H]RYDKFM@c@HEDc@JEFa@JSPULw@XQLE@QLSTa@VQPGAIDc@b@EBIs@CMG?MLOCABKFWH[V_@BMLU\\QLcBl@ONECCEOHGLYTY@c@JQDSJg@NWDKEG@SH[Fs@\\W?q@Vc@JGHeAPk@TKF_@Hi@XE?IF]FIDIAWHKH]?_@DU@GFOBQNSHKAUJIAQDYNK@[LG?GBOLM?k@b@OFQRSLEJOFKLSDWTI@c@RO@IFQDKFIBIFG?iA~@EBI?MLYDWVIC', 'resource_state': 2}",False,False,False,False,everyone,False,,"[43.77227967604995, -79.25738182850182]","[43.80482207983732, -79.27007345482707]",3.484,11.514,False,,,False,False,180.1,165.8,12612221991,12612221991,stripped_02B2D8E6-530E-47BD-ACAD-C8299B60F7B3-activity.fit,False,0,0,False,,,,,
2,"{'id': 62637210, 'resource_state': 1}",Lunch Ride,5328.9,1524,1671,13.9,Ride,Ride,0.0,Strava App,11823353717,2024-07-06T15:49:30Z,2024-07-06T11:49:30Z,(GMT-05:00) America/Toronto,-14400.0,,,,0,0,0,1,0,"{'id': 'a11823353717', 'summary_polyline': '_cijGv|ybNpAULGBGPQ`@SFAPGLKVGZSb@KLGNAb@WLEFITERMXIHCBGF?DETEHGr@[NCl@QdAOh@OrAm@^ElA[~@a@DE\\G`@OD@f@Kz@c@p@M`@OHGd@ERHFGnA[j@QFGlBq@b@INSF@LA\\MJAVKnBoAVSTY?FC@Hp@BBN@AAj@[VU`@QRQNIZY`B}@hAi@FALBZEJGVGRMh@Od@Sf@Ij@WVCf@SpBm@HDNG@CR?DEH?b@QNA^MXGNI\\Cp@]ZEf@SR?FCb@UXKD?^Oz@OZUFANMLEH@n@QTMf@QPKF?dAa@~Bq@t@[J@JBP^Fd@AJOJK@EG]qCLAHDH@DALOHEHATBTKBKHATQRKAANUL?DENC\\WHAZMz@DPEJ?bA[VMj@OH?NEJG`AWPI^MDA@BX@VMfAY\\QF?n@Sj@Md@Uf@Qn@OZ?\\MDG[cCCk@@SRID?VEDGNCHEb@C', 'resource_state': 2}",False,False,False,False,everyone,False,,"[43.804552936926484, -79.26956752315164]","[43.77231353893876, -79.25728568807244]",3.497,13.903,False,,,False,False,179.8,165.8,12609941876,12609941876,stripped_0967B311-76C1-4D6C-B005-7D7BD683871E-activity.fit,False,0,0,False,,,,,
2,"{'id': 62637210, 'resource_state': 1}",Evening Ride,4903.4,1501,8241,29.8,Ride,Ride,0.0,Strava App,11811022400,2024-07-04T22:12:08Z,2024-07-04T18:12:08Z,(GMT-05:00) America/Toronto,-14400.0,,,,5,0,0,1,0,"{'id': 'a11811022400', 'summary_polyline': 'mfdjG|uwbNGL?j@CZMJc@Pi@NMCK@K?EBKCEBIEaAn@g@RQBcCr@cAb@g@JSLUHWASHO?k@NCBo@HMFa@BkAV[LSDKFK@i@\\?LWIGBk@@m@Rq@NED}@PK@OH_@LIHAHCZ@NFNGRKn@@FJVPJJALUCa@QWIAkBd@eBh@]Ne@XoEvAaALk@PuAVQFE@MKE@w@`@O@KLGAc@Lg@RI@s@TK?MJ_@DeA^WDMHE?a@JUXk@BaA\\Q?MLQ@q@Vw@Nq@Tg@V[La@X{@Vi@T[XKDc@ZKLUFc@b@CAOgAG?MJGCG@k@XMLG?SLy@bAg@L_@Pc@JSPGJGIKLG?MFW@s@R[NUFc@Pc@?q@ZI?i@NSKSBUZM@EFODEDG@EDQ@MCMLM@EAKFS?MXQJW?Q@IDM@MNMDc@EO@KHMDMVKLKDUGC@IAMHQBGCOLIPKAEHMFSCEBM?QHEAMNKBEDE?KJQFOCKJEH[FWRO?c@VE?e@NUDKCEBWNGHMBEPGD]RE?QNWHCF[DEDM?E@EJQF[@ID', 'resource_state': 2}",False,False,False,False,everyone,False,,"[43.77227674238384, -79.25742700695992]","[43.80475007928908, -79.27034083753824]",3.267,9.588,False,,,False,False,179.8,165.8,12597167791,12597167791,stripped_00BB17AF-EF6E-4154-9AB7-68DE271C6B86-activity.fit,False,4,0,False,,,,,
2,"{'id': 62637210, 'resource_state': 1}",Morning Ride,4976.5,1342,1400,13.8,Ride,Ride,0.0,Strava App,11807112246,2024-07-04T14:34:07Z,2024-07-04T10:34:07Z,(GMT-05:00) America/Toronto,-14400.0,,,,0,0,0,1,0,"{'id': 'a11807112246', 'summary_polyline': '_cijG||ybNP@TMd@EVOHMLCBGH@DGr@WNMHAv@a@TKJATOJOt@OPQFAFBPGPKJ?HABCPABMRBJGBGJ?FIJCb@Yd@IVOT?FMTMFBFADGFAJDLEH@LITENUFFN?HKNFDFJ?FCNA^_@VONSb@O\\I`A[d@Ix@YP@^CRBPKD@DAXSHADE@ETBDC@BB?AAJGf@QTGjAc@F?RKXKB@LCLKNEDGPOb@Q`@UBILEBETMTa@LKD?CRFZ?PDFHBA?DD\\a@JKJENO~@]LSNI|@c@hBgA@BDCDBPELEJKLANMH?RMDBDALIHKH@VCFENAJINGLBTELCBITGHId@MHG@GD@DADEJCBENCFMFCFFJ?FIRBHC\\_@NHLOHBX?NI\\ETIRALEDBJI`@CNOLCFEHAd@Cf@[JCXCROTGNCDGJADMTIJMLGPKRBDEVGL@VGF?d@Mb@GPOLEpAYVMRCdAa@b@A`@VBNHR?LCFUPE?KSEDSy@KiABa@AOHA@JN@HDP?DC@MAODI`@HRGEGHENCL@DKZSLBj@Gf@Up@?LMb@KLMHBFGH?DFNMBGJGBBF?LAz@a@XGXKd@KJ?XGL@JEd@IBELEZQ\\E`@WVK\\AFMHAJEDIRGHKNA^H`@EFG@OKqAM{@BQLMFAX[JANGb@AHE', 'resource_state': 2}",False,False,False,False,everyone,False,,"[43.80474044010043, -79.27037025801837]","[43.77229694277048, -79.25735123455524]",3.708,10.06,False,,,False,False,179.8,165.8,12593148912,12593148912,stripped_A740ABBF-3DAD-42EC-8D0E-AF5A8891876B-activity.fit,False,0,0,False,,,,,
2,"{'id': 62637210, 'resource_state': 1}",Evening Ride,3050.4,1027,1262,16.3,Ride,Ride,0.0,Strava App,11794073709,2024-07-02T22:15:36Z,2024-07-02T18:15:36Z,(GMT-05:00) America/Toronto,-14400.0,,,,0,0,0,1,0,"{'id': 'a11794073709', 'summary_polyline': 'ifdjGlvwbN?b@MZKHG@GHGAWHO?MDQPOBiA^OJu@P_@PmCt@aAPgAXWJA@BDECD@q@PO?{@Zm@P[DKAo@Vk@JYPG@kAd@SBa@J_ALUAe@NOBQ?UJEAGJMFEDI@a@TATNb@Hf@L\\JPRFNSDe@?SEIME_@FEDiA\\W?{Ab@k@PCF}@VUJGHI?QDu@RKHo@LSJ[JmA\\q@LQJwA`@G?mDhAOBEGCOAk@MNUBUHK?c@Pc@JEDYD_@Lo@HyBn@GJUFUDKFEAc@R}@RkBv@e@\\g@PMJs@`@KAIGGKEY', 'resource_state': 2}",False,False,False,False,everyone,False,,"[43.77232778817415, -79.25753756426275]","[43.788001611828804, -79.2642489541322]",2.97,8.156,False,,,False,False,179.8,165.7,12579695634,12579695634,stripped_042C2A52-F9BA-4CD6-A864-A5BF33A072F5-activity.fit,False,0,0,False,,,,,
2,"{'id': 62637210, 'resource_state': 1}",Morning Ride,4818.9,1426,1591,13.8,Ride,Ride,0.0,Strava App,11790558793,2024-07-02T14:16:43Z,2024-07-02T10:16:43Z,(GMT-05:00) America/Toronto,-14400.0,,,,0,0,0,1,0,"{'id': 'a11790558793', 'summary_polyline': '}bijGr|ybN`@MRAZK^c@l@U\\WhCy@D@nC}@\\Ql@MjAc@hA[rAo@l@KlA_@rAm@f@Gd@Mj@UXQTATGn@ULCD@FCPCXDLGNCl@SPCDEVKxAc@FEj@Ox@]l@a@VGLI\\IBKJGFMb@KJMFQJO`Aq@F@DH@|@DDBAJQZMl@a@JETMJANIXQhAc@CCTGXQn@Ol@WfASNKLALKD@`@M`A]PA|@Yh@MJGd@IVKd@ItA_@RKF@d@SVCROrA_@|CaAl@M\\OjA[PIBEr@WbAWXMr@MFGbCq@NBNPBH@ZEXGHOLG?EEe@aAEY?YEIBQBEPAPKH?b@[JGF?v@g@`A_@r@KFCVAx@OL?`Bm@lA]HGd@I`@MJAN@xBm@~@UlEqAHI@OYgCAOBMHOt@WTCXK', 'resource_state': 2}",False,False,False,False,everyone,False,,"[43.804850578308105, -79.27016506902874]","[43.77229677513242, -79.2572929803282]",3.379,7.294,False,,,False,False,179.8,165.8,12576096600,12576096600,stripped_8D58F174-2F49-4994-9BA9-2FCFBBA92A76-activity.fit,False,0,0,False,,,,,
2,"{'id': 62637210, 'resource_state': 1}",Evening Ride,4763.4,1328,1494,30.1,Ride,Ride,0.0,Strava App,11755694456,2024-06-27T22:02:03Z,2024-06-27T18:02:03Z,(GMT-05:00) America/Toronto,-14400.0,,,,1,0,0,1,0,"{'id': 'a11755694456', 'summary_polyline': 'ofdjG~uwbN@PAZOXEDQBGBQRKFYHWRM@e@L[BMJYJD?C?k@TQ@MFs@PEBOBEDM@?DO?[Lg@JMFc@Jw@VE@@Ca@Nm@Jw@TSDuBp@m@Ji@Vi@JQPe@R]FEU@Ag@Ho@DGFOBQRe@?UD]VEHENBVTdANd@NHH@NEFC@GB]E[KMO?m@RYB{DlAKFK@g@TqBl@c@HIHkAZQH_@FGDM@c@NYDOHw@RGDWDQHSB_@PM@m@PGBGF]FY@_AXc@Pg@J]L[FgAXCD]FCDYFc@Pe@D{Aj@k@NkAh@k@\\_@NiAx@I@OPK?CM?k@A_@QRi@d@STq@^y@p@w@f@kAd@QBONYHGDM?e@NK?KFyBt@w@@cA^a@Pg@Jg@VGEe@Na@F[PK@w@^e@NwBj@WTWJmBj@CAUF{Bx@WDUHCFQFO@MHcBd@iCfAYZ{A`@', 'resource_state': 2}",False,False,False,False,everyone,False,,"[43.77229635603726, -79.25741225481033]","[43.80486843176186, -79.2699598800391]",3.587,8.062,False,,,False,False,179.8,165.8,12540061012,12540061012,stripped_D0E07192-058B-4171-8227-CC27D65C3D63-activity.fit,False,1,0,False,,,,,
2,"{'id': 62637210, 'resource_state': 1}",Lunch Ride,4904.3,1223,1256,15.9,Ride,Ride,0.0,Strava App,11753066617,2024-06-27T15:40:02Z,2024-06-27T11:40:02Z,(GMT-05:00) America/Toronto,-14400.0,,,,1,0,0,1,0,"{'id': 'a11753066617', 'summary_polyline': '}bijGt|ybNVATKP?XK\\a@`Bu@lDiA^M\\IbDiAvAa@^M|@c@d@IXMh@OzAq@`@CVGn@W\\QLIb@Cl@UVId@CJDJ?VOn@SPGF@JGf@OJ?HGb@Ob@S`@MN?DERI`@Y\\Ob@YZKT[b@Yb@o@NG`@_@F?@BHnA@JB?PU`@[j@]^O\\Wb@MLK`@Qp@OrAg@RALIf@Mv@]h@KnC}@~@WN?^Ih@Qj@QF?LGfAYVKtAa@TEFC|@Wd@SjBe@^MZE`DmA~FeBPBHFFJF^APOXQNIBSOa@y@QoABIXCPEFBFALOd@Uj@a@j@Wj@Qz@Ur@Ed@IVKr@M\\QdCu@l@Gx@YpD_AtBo@DGN?LIBOYcCAQ@QLSfB_@', 'resource_state': 2}",False,False,False,False,everyone,False,,"[43.8048439566046, -79.2704226449132]","[43.772269701585174, -79.25730111077428]",4.01,9.004,False,,,False,False,179.8,165.8,12537367060,12537367060,stripped_ECE8D54B-3AEA-46BE-BDE6-7B2D620FD4A3-activity.fit,False,1,0,False,,,,,
2,"{'id': 62637210, 'resource_state': 1}",Night Ride,3436.1,1033,1167,17.0,Ride,Ride,0.0,Strava App,11748857935,2024-06-27T01:49:35Z,2024-06-26T21:49:35Z,(GMT-05:00) America/Toronto,-14400.0,,,,1,0,0,1,0,"{'id': 'a11748857935', 'summary_polyline': 'glgjG`{{bNe@uDASWkAQuA?KQy@Ea@FKGQGa@CAgAb@OBIIIWQSI]Ag@JqBKu@a@}B[cCLIRAh@Q|Aq@HK@WuBoOs@qEO{Aa@wCC]e@sCC[B[YwBISC_@WGS@sAb@_@BkAj@a@Jk@HqAl@s@TgAT}@`@_Ct@c@RmDfA_A^iBh@IFOB}@d@e@b@IF]HK?m@R', 'resource_state': 2}",False,False,False,False,everyone,False,,"[43.78767312504351, -79.28500103764236]","[43.804871449247, -79.2701327148825]",3.326,5.044,False,,,False,False,179.6,168.3,12533011861,12533011861,stripped_77AD2E82-7C68-4295-9CCA-6231FAF70EE9-activity.fit,False,0,0,False,,,,,
2,"{'id': 62637210, 'resource_state': 1}",Morning Ride,3495.6,1020,1077,11.3,Ride,Ride,0.0,Strava App,11744574572,2024-06-26T14:11:41Z,2024-06-26T10:11:41Z,(GMT-05:00) America/Toronto,-14400.0,,,,0,0,0,1,0,"{'id': 'a11744574572', 'summary_polyline': '_cijGb}ybNj@UXCHIRGLOFCPQ\\GJIDBHCLMHA\\QPCDCPBb@e@FAHIVK`@G\\Or@KRI_@NHAv@WDEZEFGNAXIVEf@[ZKb@Y\\EJEJ?RIF@XMDELEF?ZO`@IJ?JIdA[JGdA[x@e@HCZ?h@IF@ZGFBPv@Lx@HTB`@IZDj@C??V`@vB@ZL|@BbAZvAA??HHV@NAXF`@FR?RFPBZFTAVBH@HCJBF?LBHDx@HJX|AJt@AHBRDNAVFRJNPt@D`@Gd@ELWRKDE?EBO?CD[RQVOJCFDv@Ad@@NFf@L`@XfB?j@Gj@Dx@CNJb@^FT\\VCH@DCRCVIFDHn@Ep@Bx@Lf@LdBLh@@VHXBh@HP?HNp@', 'resource_state': 2}",False,False,False,False,everyone,False,,"[43.804904725402594, -79.27020111121237]","[43.78764512948692, -79.28490213118494]",3.427,7.766,False,,,False,False,179.5,168.0,12528625586,12528625586,stripped_9E361931-CF6E-4215-AAAD-62C4B5F615D0-activity.fit,False,0,0,False,,,,,
2,"{'id': 62637210, 'resource_state': 1}",Afternoon Ride,6063.7,2013,5041,19.1,Ride,Ride,0.0,Strava App,11706873719,2024-06-21T18:02:35Z,2024-06-21T14:02:35Z,(GMT-05:00) America/Toronto,-14400.0,,,,0,0,0,1,0,"{'id': 'a11706873719', 'summary_polyline': 'gcijGb{ybNHJFX?JDBPId@GXQHM^UDGN?LOJGD?ZS^MDE^SPCBIJMXOBIFGH?b@QTCHEJQF?DABGDABGCLR?ZEP?JCL?NCBED?LIjA{@_AOLGdDN~A[_BANEXUTMJ?FCg@YNCJIXAr@QRA`@KbAKh@C^BTAHEb@Gd@MD?TAJDH?^I\\MREd@WAA?@DK@OK?@BEAR?NCRKf@Q@SAGIOEAEH?VBLJFAJSAKBU?IDCCQFIGG?[PYFKC@KDB?BLRH^DGB?NI?CPEJ@H[?QAED`@DFBC`@Sr@GVIHBDFAODBHGNO@EFHDC@HF?FCZe@JE@ITGTUTK^[D?DEDAFIJEFEBGF[j@[NEVUFJFbABNDBAKHIHCJGD?HK@IPCHGP[LGHKPGPQFCFID?NQJ?DCLCTKDGd@MFILEHBDCLOXAHEBKVCBEBUBARFF??KNMNKJDRGRQBGJA@IJCFMR@BGd@KF@@G^B@INIJSDABCJEH?NS\\EZKF@LG`@GTKJBb@Eh@?h@Hr@BPQHBRABGH?NMPBXMDGZCLKNIHKHFD?JOJCXLBAJMDBJGD?DAL]VC\\BR]d@Fd@[LAPGJAXORGNM\\Ir@[^@RNRVDb@CTCFIBIGOQ[k@Qg@Ok@FG^P@KPMBB^MPABCX?JKLGLKl@G^_@d@MRANKH@FCLIBYG_@@SW}@E[m@cABKNQBEJw@?SDQHQCGBEAG?AYGIDAFI~@IRY`@OJGF@^DLJCDB`@GFIHAHUJOCo@BEFy@?Q?DEQg@IKIWKa@]EIKIKOEAm@mAQc@GCIq@KS@IEGAo@SyA?WKs@@SSo@c@uDE}@?i@A_ABGCE?OEO?U^}BJ_@L[AQH[JIHOSUc@w@IUGY?QS_BCw@@OMCCO', 'resource_state': 2}",False,False,False,False,everyone,False,,"[43.80475368350744, -79.26973415538669]","[43.779994463548064, -79.25051897764206]",3.012,15.407,False,,,False,False,179.6,157.2,12489901530,12489901530,stripped_01B30829-78C8-4FA9-A955-9AC3E0B8304A-activity.fit,False,0,0,False,,,,,
2,"{'id': 62637210, 'resource_state': 1}",Night Ride,5365.4,1779,1866,32.5,Ride,Ride,0.0,Strava App,11639923849,2024-06-13T01:45:56Z,2024-06-12T21:45:56Z,(GMT-05:00) America/Toronto,-14400.0,,,,4,0,0,1,0,"{'id': 'a11639923849', 'summary_polyline': 'yfdjG|uwbN@NOz@e@^_@No@JIAc@FQNQD_@RMBQHM@kCt@u@X[FK?c@LgA`@c@Fq@XICG@GHUHKAEHQDS@s@T]AUBEDUJAEMNi@Pq@JmBf@oA^m@JGFETJr@CLD^JVFFJBNABCFWAUKSK?_APq@RQHmAXYJYD]JiBv@YFm@XS@eCt@cAVG?EDq@RO@e@PQBu@XgAVMHgAReA\\cCl@ED[FGDi@LOFG?]PYDMHg@Ny@LaA^eAn@i@TyAfAAD]P_@\\CGGu@CIG?EBENOCGBEFM@a@Rq@j@[PCF]No@R_@VODGFG?EAONs@PQBo@TOBUL[Je@@WFe@Fe@Ng@JkAd@{@Pu@Xi@Xw@ZCFGA_ATi@VuBj@mCbAm@NmFdBaAd@_@b@MHc@JCCOHUDIHECOHI@OHUFQHa@LaATU@EH]FCBe@TG?CKSuAKiAAe@DoADc@FOBa@DILw@Fu@WOg@QYOSGc@S]I}@a@aAUi@A]BmAVmAb@u@N{@ZE?o@f@G?a@[q@gAc@g@g@a@a@UMEQDK?[IOAmBg@MQa@GKKe@Mo@]MKGAOSq@e@c@_@GAGBEJ{A|DQ\\GH', 'resource_state': 2}",False,False,False,False,everyone,False,,"[43.77224463969469, -79.25740144215524]","[43.808500645682216, -79.26917131058872]",3.016,7.992,False,,,False,False,181.8,165.6,12420927523,12420927523,stripped_04D2E34F-3E28-4CD1-B6E5-D2638429D455-activity.fit,False,0,0,False,,,,,
2,"{'id': 62637210, 'resource_state': 1}",Lunch Ride,4957.9,1475,1701,17.7,Ride,Ride,0.0,Strava App,11636110209,2024-06-12T15:33:15Z,2024-06-12T11:33:15Z,(GMT-05:00) America/Toronto,-14400.0,,,,0,0,0,1,0,"{'id': 'a11636110209', 'summary_polyline': '{bijGt|ybNJI|@IHEFKXYPETWFBFIXIRKTGDCb@IFIL?LGFMFBJAFGF@l@gAhBoAZOPEBEp@ERIJBx@S^?DG`AUP@l@Od@IH@`@QJBRAVGLI`Bg@v@ILKFBFKJEPCBCJ@LAFGL@LCJIFBFCJIP@PIH?HGb@KLGPAZM`AOXI\\PJKFQNG@ED@DOFID?JKNKD?FMNAFEJOJAJSRE@GHIDOJOl@c@PIJ@?G@~@@JDHVEv@g@`@MRUJ?BEDBZO\\[DARMXEVKNABGPKR?RID@RKHAVMPC`@?PGF?DCBBPSJDTM`@KPAHGN?ROHAVM`@YVCRST?z@[VCJINC^KPANID@XU^INIb@CLGJKj@M^MPCPId@MHGDCF?b@WRGXOF@\\SVCPG\\GbA]TEjCw@ZOVAXLFHH`@?LKLKHECEIUo@SqAD?HID@TKZGJOLIFUFENGH@FINGAGBAv@KBER?PCFEdAGVIP?b@INEFGPCd@SPEPAz@]JAPKp@Mx@Y^?NIRC`@MHGd@G`@OZGRM`@IVMv@SBC@QGi@MqBBMFGj@SNC', 'resource_state': 2}",False,False,False,False,everyone,False,,"[43.80488603375852, -79.27018912509084]","[43.772864900529385, -79.25730211660266]",3.361,10.941,False,,,False,False,179.6,165.6,12417038531,12417038531,stripped_0970EAC1-45A1-4862-AC37-3FC48609676B-activity.fit,False,0,0,False,,,,,
2,"{'id': 62637210, 'resource_state': 1}",Evening Ride,6108.9,1679,1788,24.8,Ride,Ride,0.0,Strava App,11630841983,2024-06-11T22:21:30Z,2024-06-11T18:21:30Z,(GMT-05:00) America/Toronto,-14400.0,,,,5,0,0,1,0,"{'id': 'a11630841983', 'summary_polyline': 'uqdjGb}wbNGBQBQJ[DMFg@Ja@PO?IFQACH[LK@UFI?QFYBQJm@@UJM@c@XEAs@POLK@MCK?SJWZWLSBKCM@GDM?MB[Ng@DIAe@J_@Bk@NFBMBCCMAI@OT@PFZ@d@BF?XBTDH?JHF^@FK@SQe@[ACEKDGCMFK@CFEAs@NWPM@GFw@NEFm@RGAWFUPi@RaBb@_@N_@FIDGF_@Fm@Ru@PKHQBABK?k@RSBWLMBKFE?OLKBE@MAEBWAK@YTSBCBw@J[NgAX[PU@_AT_@D[HIJUNK@WACDK?MPK@YRk@DYLe@FKJMFa@\\]LKBEDE@[\\[Ja@^ULECCQAOBKC]OBUTWJY\\O?GBOLEJK@KLACCB?HINOHUT]NSA[D_@R]J[N?LEDJK]?IEAPKHYFe@Pc@DKRKDILE@UAKBMIEAe@BUHKAIBIHWFKHKBs@VMHI@YICDk@JOEI@IHG@GHm@HCFQHYBGBEDI?EDK?KHE?QHKAEHODECeAr@KCUBUFEGGBADWJCFGDm@Tu@d@KVG@EJK?QR]?SDQCGTIHSXMFGJKDK@OCKFMXIf@KNYPgAXa@ZMPe@~@g@xAKn@GFBzBAJFl@@b@@FEt@B|@IfA@HAf@@RAHBrAEL@JCNDJCN@NHj@DHBNE\\@f@BHDv@F\\Ft@C??FN|@A^BP?PF^AFRb@EXDLFl@HTDZFH?HNv@CBPj@?XDF@^DRAFBH?vACTED@`@Gf@@JEJCf@GTEFs@TIEAQMo@Ca@I_@Ce@Oi@Ca@w@sF@QG]@SEOEg@JoAEK?[EKCWIc@@o@EK?IMe@@MAcAIq@GS', 'resource_state': 2}",False,False,False,False,everyone,False,,"[43.772024447098374, -79.26131243817508]","[43.80483322776854, -79.27011192776263]",3.638,11.624,False,,,False,False,179.6,165.6,12411612129,12411612129,stripped_1179D320-47A7-4476-BFF4-8E9A6701D027-activity.fit,False,2,0,False,,,,,
2,"{'id': 62637210, 'resource_state': 1}",Lunch Ride,4770.7,1222,1269,13.9,Ride,Ride,0.0,Strava App,11630683409,2024-06-11T15:23:56Z,2024-06-11T11:23:56Z,(GMT-05:00) America/Toronto,-14400.0,,,,1,0,0,1,0,"{'id': 'a11630683409', 'summary_polyline': '_cijG`}ybNl@SP?FCRKTWLIBGPGDIXIAADE`@MTKHA^ODEJCDELEBCJEVO|@Sh@SNCr@]vAUn@Qp@e@f@Ml@YJAt@_@TCp@Sn@Eh@KbA]\\SPGP?XGp@Yd@GL?PDXQh@OLInBg@fA[TOZ@NOf@U`Aq@NWH?FGb@o@XCf@k@LIH@@ADHBfAFBBMDEh@[FGJALGPQd@WRQLGFAb@YNCVOXGTKHIJAJIJA\\M`@Gh@QXGHG`@MBEHCf@GNGRAv@Sh@IZIp@YVA`Aa@z@QJGBE~@[JCXMF@RGv@[l@Gp@QXOLABEJ?DCD?VOJ?ZIVMLCRI^GtC_AnBk@NAH@LBHHJVFZIRG?MMGMSiAHg@GWC?FEN@BK^OLKFAZOB@D@DENGL?TIH?RKlCi@|@WHKHBNITE`@Q`AMr@WhASf@QDEN?TK\\G`@QF?\\O\\IBELC`@Q|@Q?BT?\\U@KI_@Ci@O_A?e@FKV[FBZCPGBBDC', 'resource_state': 2}",False,False,False,False,everyone,False,,"[43.80505073815584, -79.27009935490787]","[43.772332314401865, -79.25733027979732]",3.904,7.274,False,,,False,False,179.6,165.6,12411450306,12411450306,stripped_A89B8CC2-DD53-4361-A27E-DBAFBDE6578D-activity.fit,False,1,0,False,,,,,
2,"{'id': 62637210, 'resource_state': 1}",Night Ride,1211.1,395,415,0.0,Ride,Ride,0.0,Strava App,11576225688,2024-06-05T01:40:35Z,2024-06-04T21:40:35Z,(GMT-05:00) America/Toronto,-14400.0,,,,0,0,0,1,0,"{'id': 'a11576225688', 'summary_polyline': 'okljG~u}bNj@SNCv@]`@KPKT@h@QRKhA_@D?lAe@\\Sb@MVEx@a@t@SzAi@JIREl@YVSPCP@JGNCVSl@Kb@MDCTEBCh@M|@e@VGJMJADEF@PIJI@D\\MPAl@[JALKh@S', 'resource_state': 2}",False,False,False,False,everyone,False,,"[43.815758703276515, -79.29329979233444]","[43.80620341747999, -79.2884730733931]",3.066,5.164,False,,,False,False,191.4,180.9,12355429227,12355429227,stripped_14AD0F07-E226-46FB-AF95-372C8D4A2C43-activity.fit,False,0,0,False,,,,,
2,"{'id': 62637210, 'resource_state': 1}",Evening Ride,3316.6,1016,1062,17.8,Ride,Ride,0.0,Strava App,11575938485,2024-06-05T00:23:17Z,2024-06-04T20:23:17Z,(GMT-05:00) America/Toronto,-14400.0,,,,0,0,0,1,0,"{'id': 'a11575938485', 'summary_polyline': 'afkjGbczbNMFG?KDEF_@JQNe@ZG?EDK?OFo@r@e@XQV}@h@[f@WNGJE@WTSJc@^W`@MLCLIDGJIBMZMLQb@MPAHOTe@hAKHMTUJBFEH?HODQt@G@Qd@Wb@QJEHGDGNQAKNGBG?MLWFSJSBIPE?QRSLe@z@GRSTKVY~@CVc@tAo@ZM@KHMBKCg@PoAVQAOBIDKAe@JY^CLKFMXG^Cn@D|@BPB@dAc@PCHBHRBlALb@Dd@^pA\\p@^rAAJFVAPJdBGjAIp@ERIz@Jj@Bb@FNRTHHd@JXNNTBh@?RENSn@CXTzATxB^vBh@~DVzAJZXTBHf@^RVBHHv@ENKFm@La@PcAZSLQDg@ZGHKDGA', 'resource_state': 2}",False,False,False,False,everyone,False,,"[43.80484135821462, -79.2701959144324]","[43.8157663308084, -79.29324396885931]",3.264,5.584,False,,,False,False,192.1,179.0,12355135362,12355135362,stripped_CAC2CD17-614F-400A-87E8-4D4E3604AB48-activity.fit,False,0,0,False,,,,,
2,"{'id': 62637210, 'resource_state': 1}",Evening Ride,6159.9,1682,1754,25.2,Ride,Ride,0.0,Strava App,11575513803,2024-06-04T22:52:09Z,2024-06-04T18:52:09Z,(GMT-05:00) America/Toronto,-14400.0,,,,0,0,0,1,0,"{'id': 'a11575513803', 'summary_polyline': 'ordjGd}wbN[LsA^m@T}@TQH_@HWHMBY@MBAFGCCBe@@a@DKDi@\\_AXSBgA`@sAXGAs@PEFeAVM@]CIBKHGJ@f@FTFb@Ff@AHDNJLP@JGHO?]S]QC[F_B`@a@D]JkBj@GFcA`@o@ReAV_@NeAZ{@RE?oCv@G?YFWLc@F_@NMB[RHEABoA\\YRAHO@OJK@IF{@Bc@HI@DDIFGAIDWRy@Bq@XWBGAKBEFUPE@MAEFKBEFK^UAQBENKDy@DUHSJKREDGJEAWPIAy@d@MDKN_@XCe@EU?MCCa@FA@GCKDMCQb@MPAAC?IZMHCFq@\\CAIBe@FKFAHYf@HQE?O^UI@GM?ID@@?C[LC?ODW@WPECSJK?aAh@M?ME[A{@X?@QDIDEAIDM@MPI@QLC?KJI@YLc@d@SJO?IBAFGBEDYBQF[Te@PKNSHIJk@La@RKJ_AZ_@VI?[RwAb@KHmFLEBYHOJU@OHIJM??FKHBDEFI?B@CDg@LICBHEAEN@LFRH@BDCFURG@KNQv@KR@FSl@Kd@Uj@@FELDX?PBNAJ?b@FfACnABjBCNBn@EZBf@CLFz@CXDFAP@PFDBLAXK\\BZEDDPF^Ah@DH@h@HNJd@?XH^DJBXHb@Df@PhAAPBJ?^Cj@DLD`@?LERJ^BPEPVTDF@JAHOTAH?FHLFb@CJ@PC\\BREDCPBHGZ?ROh@KEIFIBK?GBIEEK?[GSGy@AEA@?QGO?a@Ie@KUE_@Ci@c@eDG{@GKAe@I[I}@QaACYCMGK@w@S{@?MIc@@GFC?ECW?FCGBE', 'resource_state': 2}",False,False,False,False,everyone,False,,"[43.77212729305029, -79.26099468022585]","[43.80487128160894, -79.27010555751622]",3.662,13.301,False,,,False,False,180.0,165.6,12354702688,12354702688,stripped_414F75D3-8EF4-4D6A-B06F-935AA4F833AF-activity.fit,False,0,0,False,,,,,
2,"{'id': 62637210, 'resource_state': 1}",Lunch Ride,4931.4,1406,1615,16.2,Ride,Ride,0.0,Strava App,11572127081,2024-06-04T15:22:08Z,2024-06-04T11:22:08Z,(GMT-05:00) America/Toronto,-14400.0,,,,1,0,0,1,0,"{'id': 'a11572127081', 'summary_polyline': '}bijGt|ybNZA^Kb@YFKJCPMZIDGRCDGF?BCRWJ?DEB?BEFAHGD?FIF?BCJ?RMN@VMFGTEBGF?BED?DEHAVOJA@Ib@EDBXGDCF?^MNOVGb@WXIPOL@h@MJKz@GVIDGXMnAULGr@YREHKLC\\QPGp@G^Op@OV?D?HHVEJGr@OBCD@TGPGBELAJGN?LE`@Q`AYl@KVSVM`@a@RKBI`@_@dAq@BF@d@DVBBFAl@e@HIb@QlA{@`@SHApA_Aj@Sd@Ip@UHHD?BGHAf@QLI^O^E~@]t@Qz@]^ELCJKDBHAp@Uj@If@MHG\\CNGLM~Ak@tA_@VC~Am@RMrB_@vAg@JAjBo@d@KrAe@f@OFAA@THFDBJDf@ETEDSBQGOa@GIGSG]?a@E]LJTEDIRCNIZ]r@]DIv@YH@JGN?DID@FGFDHJHELBd@OBELBRGLOVIx@QLGNATI\\EZQRATIFGA@PNZOJABE?GGQQeA[{@GGOWASY]EO@MPKd@_ATIBINGNMH@LKNGd@GX@d@FNFXBVJf@BROR?VIPAFCF??Cj@G', 'resource_state': 2}",False,False,False,False,everyone,False,,"[43.80485569126904, -79.27013531327248]","[43.772325525060296, -79.25735827535391]",3.507,7.252,False,,,False,False,179.6,165.6,12351249951,12351249951,stripped_2A0FA2F1-59C0-4B37-B314-96C0A619673B-activity.fit,False,0,0,False,,,,,
2,"{'id': 62637210, 'resource_state': 1}",Afternoon Ride,13166.9,3834,5645,75.6,Ride,Ride,0.0,Strava App,9564931750,2023-08-01T19:24:33Z,2023-08-01T15:24:33Z,(GMT-05:00) America/Toronto,-14400.0,,,,0,0,0,1,0,"{'id': 'a9564931750', 'summary_polyline': 'scijGtxybNJ?LPDZB`@Pj@^A`@QT]hAi@dDgAHG~@WjC_AlCy@lAm@bASz@YlAi@b@Ef@MjAi@n@Ib@Sb@If@DlAc@XEDEZMzAa@XMJKH?z@UnDyBHKLGT_@TMVWBABt@Fb@Z_@VOl@g@`@Kt@a@BGf@Uj@QdASl@Wb@ATMLELKdA[LKzBk@RCNGLMJ?\\Kn@IzFeBnBg@P?@GvEuA`@QbGaB|@[\\ATRBJ@JAXMVGFUCYa@Qg@Ck@BMKOBGZCd@WNADG\\S`C}@|A_@HBl@MvBk@`Cw@fAQTMdHmBP?z@]dB_@`@UlCm@v@_@n@M~C{@l@Dn@KJv@DHj@ETDpEsA`@ITxAH|@X`CL^VRFN\\INlAPRTNfATL?n@Yt@Or@Ab@HrApA|CtDNTRnAL^FFN\\FHb@HRIx@q@l@u@DKH_@Be@EkA@k@D[Hc@d@cAHAbA{@T]LWNi@Ho@LiAVoCF[JYFGNEb@Nl@Jh@?^ILBn@Gb@e@Xg@`A{AZOrC_AzBe@~GwBxAYPKpFyAJHBLFr@NtADJNFPCrBq@z@Mz@[`Ba@JI`Bc@D@DNNLLT\\P~Ag@F@zBw@TC`@FdA\\j@Hl@PnBXtA`@d@DxCz@LTP`AHx@t@`GJ\\TLXEbBm@pA[L?HHX~AJbA?xABp@VhBCHGF?DLh@DHNdA?XG\\JHNXLHVD^IRMr@Un@O~Am@lBg@b@UjCy@TOAC{Ap@i@JaBl@_B`@wCz@iA`@O@]KEODm@?[KeA?QFEWy@QsAEc@@]EyA[mCKYIKMAgBj@g@Hs@RODQEESGo@UoAOcB[}BI_@MYMMOGaGuAmBYWGMKk@GwBg@KEsDfAEAEEE_@Mo@A_@JmA@u@MsAOa@aAgB]e@Ui@IAq@XI_ACIKMs@?e@I{@[KMkC{FYi@i@m@Yw@CMDAOIQc@IKEMyAgCK[IGQ[AQEKEMIIi@_@qAjBeA~@Wl@c@LIDGLGBCj@ENEDGBm@YiAMi@JGFBFB??EFC~@MHEDMRuABg@EeCKuAK_AQu@[m@w@gAISCa@GIk@[OQISGe@CIa@KAK@]EcAa@sCKk@EEEDw@RGFKAa@LIH]FCDyAb@EDyA`@iAPqBr@gD`AyA\\GDEJKC{ErA}AZULqAZyShGqElA', 'resource_state': 2}",False,False,False,False,everyone,False,,"[43.804837837815285, -79.27015953697264]","[43.77191682346165, -79.25164181739092]",3.434,8.246,False,,,False,False,180.0,146.5,10256676874,10256676874,7E9021C9-2490-4CA2-AC9E-84B2A6A0AD5E-activity.fit,False,0,0,False,,,,,
2,"{'id': 62637210, 'resource_state': 1}",Night Ride,4596.5,1177,1210,0.0,Ride,Ride,0.0,Strava App,9279536982,2023-06-17T02:03:05Z,2023-06-16T22:03:05Z,(GMT-05:00) America/Toronto,-14400.0,,,,0,0,0,1,0,"{'id': 'a9279536982', 'summary_polyline': 'ernjGfh_cNEk@Mc@Is@CMKSHDOa@FFIY?UOy@Ec@m@yDCo@YqAg@uD[oBMmA?OEIEg@e@{BCo@Ka@KiAQy@i@wEPKh@QJENEjBu@ZIPIHCH?XQjAa@ZQD?LWHIVKPQDYh@Q`@WH?DDFNF@RA`@IRKHMN_@@IAIl@Md@QFGjAYj@]p@W~@e@~@YF?PELY@iALc@JQVm@h@cARm@f@s@FCJLF?VK@MQWAGPo@LSJ_@FE@ItA{CVs@T_@f@eARk@b@w@bAaC\\c@j@Oh@SF@f@a@XERKFIn@OHMVAl@OLOl@WLO^AFIr@IZYLIv@GZMJKGy@LMlAa@v@]fBm@pDsANEDBn@Uj@[PCfBu@pAc@DJZOzAi@LGDUE_AGg@a@wAiAmBY]_@m@c@k@_A{AMa@Sw@[yBEaAAeACYLeBTqALW\\eADEn@}AnAaCDQT_@t@eBhA_CFABDn@b@b@P\\Hv@Ht@Gp@KrD}@nA_@NK^Ev@?b@QNC\\K', 'resource_state': 2}",False,False,False,False,everyone,False,,"[43.82437974214554, -79.3001454602927]","[43.80500765517354, -79.2702270951122]",3.905,9.802,False,,,False,False,198.9,179.6,9954373744,9954373744,9459C7A3-56DF-442D-A291-1C8771192715-activity.fit,False,0,0,False,,,,,
2,"{'id': 62637210, 'resource_state': 1}",Evening Ride,5832.7,1852,2000,26.8,Ride,Ride,0.0,Strava App,9278948868,2023-06-16T22:31:28Z,2023-06-16T18:31:28Z,(GMT-05:00) America/Toronto,-14400.0,,,,0,0,0,1,0,"{'id': 'a9278948868', 'summary_polyline': '_fkjGhbzbNQHOLMD_@`@MBU?YJWVMZUXo@f@e@VSNUTk@^QTYXi@Z]XYd@IFKVQRIPKFAHIFIVEBE@KVETEBg@dA]b@Up@ILG@?TO@GAWBKI[EGDKVAPDJNP?PE@Yl@GEKJG?EBGNUFMHQDOLYd@CAEL[^CPOFAFGHGf@EBSn@OV?NKVORMBQPSNCFGBEHMFQ?QFc@LGAa@NKA_@H[A[VQVk@l@QVKd@Eb@DHAVDXCZe@X]@GFEJMF_@DSHGAIFIN]JYXg@H_@PSBGHEAIBo@RU@GDSTg@NUJEFMFMAE@QPIAGDKNAFK\\WLW^ECGBIPBPGJg@d@KNCJ@b@CDMVYTORO`@AFBFAHOd@MNWl@]h@AJQTENSFKd@GFADGHCXGD?HDHAHDF@VEDOBICIMI@EDGTBJQb@q@t@[j@AFIHKVED?PIb@?VIZO@e@ZQ@WRMBEBC?SRE@CFs@ZQNGA[RK?MJO@k@TQ@GHMDGJCR@DEH?FS\\IBGBIAMDYJCASDIAQOIDE?GJ?JIHO@MFQ@SHQJE?]Je@TEAs@b@E?EBK?_@HSJO@[LMJQHYDCBKBADg@F]TIAMDG?SFw@d@UBOLKBu@ZQBUNG?[NKNIRBTEd@BLAPFd@R`AB`A?`@D`@CHA^K`@Yz@a@d@CHQTS^OJIR]^QXa@~@OTa@t@AFED@F[b@KT_@d@_@n@GR?j@Kd@C^BPEPB~@AXDXNtBN`@ATH~@FN@l@b@xBHbAEFSHe@Ha@PO?MDa@NM?g@LG?[HOFUBIBg@@YDUHS@s@Re@EMDK?EBg@HS?a@DMLECYFS@IDk@NIHMBIHMDKL?ZQ\\MzABJ[vA?PUj@W`@CNEJ?DOl@Eh@_A]M?OOUIGIG?_@Oa@WOCYMIGEAg@[IACCKCQCGEaBa@aA?CCI?o@Bo@?EDM@g@J_@@WD]?c@Na@@CDEZ', 'resource_state': 2}",False,False,False,False,everyone,False,,"[43.80577242001891, -79.27118598483503]","[43.83808691985905, -79.3070042040199]",3.149,7.698,False,,,False,False,206.8,179.8,9953760765,9953760765,6D97A885-FB9C-4DA3-B242-3F4A8E9D0656-activity.fit,False,0,0,False,,,,,
2,"{'id': 62637210, 'resource_state': 1}",Evening Ride,2084.1,595,1471617,10.8,Ride,Ride,0.0,Strava App,9278839991,2023-05-30T21:44:23Z,2023-05-30T17:44:23Z,(GMT-05:00) America/Toronto,-14400.0,,,,0,0,0,1,0,"{'id': 'a9278839991', 'summary_polyline': 'o}ljGxz{bNQLSDMAGFUDOFQAKFo@V_@JIHI?QJE?UDKH}@ZOLQ^a@h@[\\QZi@xAc@t@GLGHITmAhCGRAR_@z@C\\@HAh@AJMTR]c@XMAa@`@ELID[d@IZEBk@hAW^MXK^Gp@GXIJc@`@QHyBtAa@NaB|@_Bj@OPWp@GHg@PM@MEOMG?QHI@IFODCCE@E?CFI@IHIVIFcA`@iAZWBcAd@c@JsAh@ODOAc@P]Do@XERFx@f@fEPjBFX?JJj@?FLd@@b@Ll@AFHR?HNd@Bh@CGBDANJd@', 'resource_state': 2}",False,False,False,False,everyone,False,,"[43.8158458750695, -79.28186813369393]","[43.82624697871506, -79.29668272845447]",3.503,7.436,False,,,False,False,198.4,187.2,9953647480,9953647480,560A9171-0FDD-41E2-B801-FA4EF5AB4425-activity.fit,False,0,0,False,,,,,
2,"{'id': 62637210, 'resource_state': 1}",Evening Ride,10585.6,3028,3197,52.4,Ride,Ride,0.0,Strava App,7744455881,2022-09-02T23:16:38Z,2022-09-02T19:16:38Z,(GMT-05:00) America/Toronto,-14400.0,,,,0,0,0,1,0,"{'id': 'a7744455881', 'summary_polyline': 'gpvjGrs}bNLEBDFf@BBF?BFFv@ROZIBADDALHx@Nt@b@dDBFNbAV`Cl@rEf@pCFJL@TKd@OxAWZC~@SnNuB|HsAD?LBFJBd@VhBB|@B\\h@dDNnAJz@P~@VpBdBjL`@fD?^BXTXPPXPxBtBj@b@b@Xn@h@PPDJ?NFV?NGLS~@cAfCUPMVKfAQl@G`@En@?f@JhALp@H|@BDTtAZjCFTnAdLVzATbAb@dAXMJ@Dl@Xp@?R|@fAXNVHfA|@p@v@f@~@d@nA\\vALn@\\tCZnBPz@d@`BR`@RJb@r@VZ|CzCf@t@\\~@XjAz@bGZjBn@rE@z@HRJv@HXJn@ThBf@tCCFDXLANIF@`@UD?PITIj@G@GJCJMPIHI`@SjBi@ROXIXAh@SFFDMh@SVG\\CNGF@NIFMRKp@Y|Ag@r@YEDBIjCy@HGv@[FBLCtDqAbFqBTMrBu@bEeBfA_@DE?UUsAOsAq@}DYwBQ{@iAsHEi@Oq@YsBw@oEOq@KcAUmAUgBs@kEEQKGOo@CKD[WsBM}Aq@gEMc@UmA_@mCI[g@{CQiBOk@EY?WKc@FYX@t@K\\QjCe@j@Eb@KhBSr@O`@C^KM}@BGL@j@KVKbBSTEJ?f@ITENGn@IbA[LAHG@IEc@DSYqBGYu@_H@CPA^MJKdBk@|@[\\ERCJGpCa@LEdAQTOl@OXKfAi@DE?EGM?GTOBWGoACoAB_@Nk@Xi@ZYPG`AUPSHYJQLELOHCDB`@rJLBPE`AEbAINCh@Q`@U`A}@X_@hAmAr@i@VKfCq@LARKZIRAR?nALV{@l@iAVKNQhBkD|CwDZg@Ne@Hk@Bk@Es@WuAm@yBC[BSLIVGZ@LErAo@p@Mh@Qj@UHIx@[jAa@zAc@BABOBC`@KpAg@P@R[VOBKCKBCXCNINCb@YJBJRLBZGXKHCDIXs@l@WRBSIxBw@lCqA~@Wb@UJODcAHi@bAmB^}@FMJIFOJODED@DFHFZQ@IUSCELu@FGtA_DJOj@wAz@gBb@iAT[l@sA@KJUFCPUl@SDGp@]^OVGd@QTKFMTQd@OHFPGL?', 'resource_state': 2}",False,False,False,False,everyone,False,,"[43.865807466208935, -79.29162005893886]","[43.817077009007335, -79.28272945806384]",3.496,7.72,False,,,False,False,207.5,166.9,8269143543,8269143543,3D942124-DFA4-4F5A-A949-08A3FC8175D6-activity.fit,False,0,0,False,,,,,
